{
  "total_tests": 90,
  "watermarked_tests": 45,
  "clean_tests": 45,
  "watermarked_performance": {
    "avg_detection_rate": 0.6487755555555554,
    "avg_f1_score": 0.6193288888888888,
    "avg_precision": 0.6033333333333333,
    "avg_recall": 0.6495955555555556,
    "correct_detections": 36,
    "correct_attributions": 18
  },
  "clean_performance": {
    "avg_detection_rate": 0.4316666666666667,
    "false_positive_rate": 0.5777777777777777
  }
}